<?xml version="1.0" encoding="UTF-8"?>
<project-private xmlns="http://www.netbeans.org/ns/project-private/1">
    <editor-bookmarks xmlns="http://www.netbeans.org/ns/editor-bookmarks/2" lastBookmarkId="0"/>
    <open-files xmlns="http://www.netbeans.org/ns/projectui-open-files/2">
        <group>
            <file>file:/Users/sushmaka/GitHUB/Assignment_2/src/userInterface/ViewPersonJPanel.java</file>
            <file>file:/Users/sushmaka/GitHUB/Assignment_2/src/userInterface/CreatePersonJPanel.java</file>
            <file>file:/Users/sushmaka/GitHUB/Assignment_2/src/userInterface/MainJFrame.java</file>
            <file>file:/Users/sushmaka/GitHUB/Assignment_2/src/business/PersonHistory.java</file>
            <file>file:/Users/sushmaka/GitHUB/Assignment_2/src/userInterface/ListPersonJPanel.java</file>
        </group>
    </open-files>
</project-private>
